year,bill_number,amendment_act,bill_type,introduced_member,introduced_date,introduced_house,debate/passed_in_loksabha,debate/passed_in_rajyasabha,assent_date,status,prime_minister,loksabha,loksabha_term
2023,124,"The Constitution (One Hundred and Twenty-Eighth Amendment) Bill, 2023",Government,,19-09-2023,Lok Sabha,20-09-2023,21-09-2023,28-09-2023,Assented,Narendra Modi,17,2019-24
2021,124,"The Constitution (One Hundred and Fifth Amendment) Bill, 2021",Government,,09-08-2021,Lok Sabha,10-08-2021,11-08-2021,18-08-2021,Assented,Narendra Modi,17,2019-24
2019,371,"The Constitution (One Hundred and Fourth Amendment) Bill, 2019",Government,,09-12-2019,Lok Sabha,10-12-2019,12-12-2019,21-01-2020,Assented,Narendra Modi,17,2019-24
2019,3,"The Constitution (One Hundred and Third Amendment) Act, 2019",Government,,08-01-2019,Lok Sabha,08-01-2019,09-01-2019,12-01-2019,Assented,Narendra Modi,16,2014-19
2017,71,"The Constitution (One Hundred and Second Amendment) Bill, 2018",Government,,05-04-2017,Lok Sabha,10-04-2017,31-07-2018,11-08-2018,Assented,Narendra Modi,16,2014-19
2015,2,"The Constitution (Amendment) Bill, 2015 (amendment of article 58)",Private Member,Mansukh L. Mandaviya Shri,13-03-2015,Rajya Sabha,,,,Lapsed,Narendra Modi,16,2014-19
2014,97,"The Constitution (Ninety-ninth Amendment) Bill, 2014",Government,,11-08-2014,Lok Sabha,13-08-2014,14-08-2014,31-12-2014,Assented,Narendra Modi,16,2014-19
2014,192,"The Constitution (One Hundred and Twenty-Second Amendment) Bill, 2014",Government,,19-12-2014,Lok Sabha,06-05-2015,03-08-2016,09-09-2016,Assented,Narendra Modi,16,2014-19
2014,14,"The Constitution (Amendment) Bill, 2014 (amendment of article 324)",Private Member,Shantaram Naik Shri,25-07-2014,Rajya Sabha,,,,Lapsed,Narendra Modi,16,2014-19
2014,18,"The Constitution (Amendment) Bill, 2014 (amendment of article 151)",Private Member,T. Subbarami Reddy Dr.,08-08-2014,Rajya Sabha,,,,Lapsed,Narendra Modi,16,2014-19
2014,25,"The Constitution (Amendment) Bill, 2014 (amendment of article 371)",Private Member,Rajkumar Dhoot Shri,28-11-2014,Rajya Sabha,,,,Lapsed,Narendra Modi,16,2014-19
2014,29,"The Constitution (Amendment) Bill, 2014 (amendment of article 130)",Private Member,Mansukh L. Mandaviya Shri,28-11-2014,Rajya Sabha,,,,Lapsed,Narendra Modi,16,2014-19
2014,30,"The Constitution (Amendment) Bill, 2014 (amendment of article 155)",Private Member,Mansukh L. Mandaviya Shri,28-11-2014,Rajya Sabha,,,,Lapsed,Narendra Modi,16,2014-19
2014,31,"The Constitution (Amendment) Bill, 2014 (amendment of article 107)",Private Member,Mansukh L. Mandaviya Shri,28-11-2014,Rajya Sabha,,,,Lapsed,Narendra Modi,16,2014-19
2014,33,"The Constitution (Amendment) Bill, 2014 (amendment of Tenth Schedule)",Private Member,Shantaram Naik Shri,12-12-2014,Rajya Sabha,,,,Lapsed,Narendra Modi,16,2014-19
2014,37,"The Constitution (Amendment) Bill, 2014 (amendment of article 39)",Private Member,Sanjay Sinh Dr.,12-12-2014,Rajya Sabha,,,,Lapsed,Narendra Modi,16,2014-19
2014,38,"The Constitution (Amendment) Bill, 2014 (amendment of article 214)",Private Member,Sanjay Sinh Dr.,12-12-2014,Rajya Sabha,,,,Lapsed,Narendra Modi,16,2014-19
2014,47,"The Constitution (Amendment) Bill, 2014 (amendment of article 275)",Private Member,Kanwar Deep Singh Dr.,12-12-2014,Rajya Sabha,,,,Lapsed,Narendra Modi,16,2014-19
2013,41,"The Constitution (Amendment) Bill, 2013 (insertion of new article 323C)",Private Member,Dilipbhai Pandya Shri,11-07-2014,Rajya Sabha,,,,Lapsed,Narendra Modi,16,2014-19
2013,3,"The Constitution (Amendment) Bill, 2013 (amendment of article 72)",Private Member,Parshottam Khodabhai Rupala Shri,22-03-2013,Rajya Sabha,,,,Lapsed,Manmohan Singh,15,2009-14
2013,60,"The Constitution (One Hundred And Twentieth Amendment) Bill, 2013",Government,,29-08-2013,Rajya Sabha,,,,Lapsed,Manmohan Singh,15,2009-14
2012,106,"The Constitution (One Hundred-Eighteenth Amendment) Bill, 2012",Government,,07-09-2012,Lok Sabha,18-12-2012,19-12-2012,01-01-2013,Assented,Manmohan Singh,15,2009-14
2012,7,"The Constitution (Amendment) Bill, 2012 (insertion of new article 21B and amendment of article 51A)",Private Member,E.M. Sudarsana Natchiappan Dr.,27-04-2012,Rajya Sabha,,,,Lapsed,Manmohan Singh,15,2009-14
2012,4,"The Constitution (Amendment) Bill, 2012 (amendment of Preamble, articles 1 and 28)",Private Member,M. Rama Jois Shri,11-05-2012,Rajya Sabha,,,,Lapsed,Manmohan Singh,15,2009-14
2012,12,"The Constitution (Amendment) Bill, 2012 (amendment of article 39)",Private Member,Tarun Vijay Shri,11-05-2012,Rajya Sabha,,,,Lapsed,Manmohan Singh,15,2009-14
2012,17,"The Constitution (Amendment) Bill, 2012 (substitution of article 220 and insertion of new article 220A)",Private Member,Tarun Vijay Shri,11-05-2012,Rajya Sabha,,,,Lapsed,Manmohan Singh,15,2009-14
2012,18,"The Constitution (Amendment) Bill, 2012 (insertion of new article 18A)",Private Member,Shadi Lal Batra Shri,11-05-2012,Rajya Sabha,,,,Lapsed,Manmohan Singh,15,2009-14
2012,24,"The Constitution (Amendment) Bill, 2012 (Amendment of articles 124 and 217)",Private Member,H.K. Dua Shri,09-08-2012,Rajya Sabha,,,,Withdrawn,Manmohan Singh,15,2009-14
2012,27,"The Constitution (Amendment) Bill, 2012 (Amendment of articles 243G and 243W)",Private Member,Shantaram Laxman Naik Shri,09-08-2012,Rajya Sabha,,,,Lapsed,Manmohan Singh,15,2009-14
2012,28,"The Constitution (Amendment) Bill, 2012 (Amendment of the Preamble and article 1)",Private Member,Shantaram Laxman Naik Shri,09-08-2012,Rajya Sabha,,,,Lapsed,Manmohan Singh,15,2009-14
2012,48,"The Constitution (One Hundred Seventeenth Amendment) Bill, 2012",Government,,05-09-2012,Rajya Sabha,,,,Lapsed,Manmohan Singh,15,2009-14
2012,47,"The Constitution (Amendment) Bill, 2012 (amendment of articles 75 and 164)",Private Member,M. Rama Jois Shri,23-11-2012,Rajya Sabha,,,,Lapsed,Manmohan Singh,15,2009-14
2012,39,"The Constitution (Amendment) Bill, 2012 (substitution of new article for article 155)",Private Member,Prabhat Jha Shri,07-12-2012,Rajya Sabha,,,,Lapsed,Manmohan Singh,15,2009-14
2012,49,"The Constitution (Amendment) Bill, 2012 (amendment of article 72)",Private Member,Bharatkumar Raut Shri,07-12-2012,Rajya Sabha,,,,Lapsed,Manmohan Singh,15,2009-14
2012,53,"The Constitution (Amendment) Bill, 2012 (insertion of new article 335A)",Private Member,Narendra Kumar Kashyap Shri,07-12-2012,Rajya Sabha,,,,Lapsed,Manmohan Singh,15,2009-14
2012,57,"The Constitution (Amendment) Bill, 2012 (amendment of article 15)",Private Member,Veer Singh Shri,07-12-2012,Rajya Sabha,,,,Lapsed,Manmohan Singh,15,2009-14
2012,59,"The Constitution (Amendment) Bill, 2012 (amendment of articles 341 and 342)",Private Member,Veer Singh Shri,07-12-2012,Rajya Sabha,,,,Lapsed,Manmohan Singh,15,2009-14
2012,62,"The Constitution (Amendment) Bill, 2012 (insertion of new article 50A)",Private Member,Shantaram Laxman Naik Shri,07-12-2012,Rajya Sabha,,,,Lapsed,Manmohan Singh,15,2009-14
2012,64,"The Constitution (Amendment) Bill, 2012 (amendment of article 124)",Private Member,H.K. Dua Shri,07-12-2012,Rajya Sabha,,,,Withdrawn,Manmohan Singh,15,2009-14
2011,1,"The Constitution (Amendment) Bill, 2011 (to amend article 25)",Private Member,Sukhdev Singh Dhindsa Sardar,25-02-2011,Rajya Sabha,,,,Lapsed,Manmohan Singh,15,2009-14
2011,22,"The Constitution (One Hundred and Fifteenth Amendment) Bill, 2011",Government,,22-03-2011,Lok Sabha,,,,Lapsed,Manmohan Singh,15,2009-14
2011,6,"The Constitution (Amendment) Bill, 2011 (to amend article 15)",Private Member,Tarun Vijay Shri,05-08-2011,Rajya Sabha,,,,Lapsed,Manmohan Singh,15,2009-14
2011,7,"The Constitution (Amendment) Bill, 2011 (amendment of Eighth Schedule)",Private Member,Tarun Vijay Shri,05-08-2011,Rajya Sabha,,,,Lapsed,Manmohan Singh,15,2009-14
2011,13,"The Constitution (Amendment) Bill, 2011 (insertion of new article 24A)",Private Member,R.C. Singh Shri,05-08-2011,Rajya Sabha,,,,Lapsed,Manmohan Singh,15,2009-14
2011,16,"The Constitution (Amendment) Bill, 2011 (amendment of the Tenth Schedule)",Private Member,Thomas Sangma Shri,05-08-2011,Rajya Sabha,,,,Lapsed,Manmohan Singh,15,2009-14
2011,19,"The Constitution (Amendment) Bill, 2011 (insertion of new articles 80A and 171A)",Private Member,Akhilesh Das Gupta Dr.,05-08-2011,Rajya Sabha,,,,Lapsed,Manmohan Singh,15,2009-14
2011,20,"The Constitution (Amendment) Bill, 2011 (amendment of article 324)",Private Member,Mohan Singh Shri,05-08-2011,Rajya Sabha,,,,Lapsed,Manmohan Singh,15,2009-14
2011,21,"The Constitution (Amendment) Bill, 2011 (Amendment of articles 15 and 16)",Private Member,S. Semmalai Shri,05-08-2011,Lok Sabha,,,,Lapsed,Manmohan Singh,15,2009-14
2011,29,"The Constitution (Amendment) Bill, 2011 (insertion of new article 16A)",Private Member,Narendra Kumar Kashyap Shri,19-08-2011,Rajya Sabha,,,,Lapsed,Manmohan Singh,15,2009-14
2011,135,"The Constitution (One Hundred and Sixteenth Amendment) Bill, 2011.",Government,,22-12-2011,Lok Sabha,,,,Negatived,Manmohan Singh,15,2009-14
2011,49,"The Constitution (Amendment) Bill, 2011 (substitution of new article for article 346)",Private Member,Prabhat Jha Shri,27-04-2012,Rajya Sabha,,,,Lapsed,Manmohan Singh,15,2009-14
2011,61,"The Constitution (Amendment) Bill, 2011 (amendment of Tenth Schedule)",Private Member,Shantaram Laxman Naik Shri,27-04-2012,Rajya Sabha,,,,Lapsed,Manmohan Singh,15,2009-14
2011,62,"The Constitution (Amendment) Bill, 2011 (amendment of article 371 I)",Private Member,Shantaram Laxman Naik Shri,27-04-2012,Rajya Sabha,,,,Lapsed,Manmohan Singh,15,2009-14
2010,28,"The Constitution (One Hundred and Thirteenth Amendment) Bill, 2010.",Government,,15-03-2010,Lok Sabha,09-11-2010,24-03-2011,23-09-2011,Assented,Manmohan Singh,15,2009-14
2010,2,"The Constitution (Amendment) Bill, 2010 (insertion of new article 16A)",Private Member,Thomas Sangma Shri,03-05-2010,Rajya Sabha,,,,Lapsed,Manmohan Singh,15,2009-14
2010,7,"The Constitution (Amendment) Bill, 2010 (insertion of new article 21B)",Private Member,T. Subbarami Reddy Dr.,03-05-2010,Rajya Sabha,,,,Lapsed,Manmohan Singh,15,2009-14
2010,15,"The Constitution (Amendment) Bill, 2010 (to amend article 145 and insertion of new article 225A)",Private Member,M. Rama Jois Shri,03-05-2010,Rajya Sabha,,,,Lapsed,Manmohan Singh,15,2009-14
2010,18,"The Constitution (Amendment) Bill, 2010 (insertion of new article 371J)",Private Member,Bhagat Singh Koshyari Shri,03-05-2010,Rajya Sabha,,,,Withdrawn,Manmohan Singh,15,2009-14
2010,35,"The Constitution (Amendment) Bill, 2010 (substitution of new article 130)",Private Member,Kalraj Mishra Shri,13-08-2010,Rajya Sabha,,,,Lapsed,Manmohan Singh,15,2009-14
2010,36,"The Constitution (Amendment) Bill, 2010 (to amend articles 75, 80 and 164 etc.)",Private Member,Kalraj Mishra Shri,13-08-2010,Rajya Sabha,,,,Lapsed,Manmohan Singh,15,2009-14
2010,103,"The Constitution (One Hundred and Fourteenth Amendment) Bill, 2010.",Government,,25-08-2010,Lok Sabha,,,,Lapsed,Manmohan Singh,15,2009-14
2010,40,"The Constitution (Amendment) Bill, 2010 (to amend the Preamble)",Private Member,Shantaram Laxman Naik Shri,27-08-2010,Rajya Sabha,,,,Lapsed,Manmohan Singh,15,2009-14
2010,46,"The Constitution (Amendment) Bill, 2010 (to amend articles 15 and 16)",Private Member,Brinda Karat Smt.,27-08-2010,Rajya Sabha,,,,Lapsed,Manmohan Singh,15,2009-14
2010,62,"The Constitution (Amendment) Bill, 2010 (to amend article 10)",Private Member,Shreegopal Vyas Shri,27-08-2010,Rajya Sabha,,,,Lapsed,Manmohan Singh,15,2009-14
2010,69,"The Constitution (Amendment) Bill, 2010 (insertion of new article 51B)",Private Member,Mohan Singh Shri,25-02-2011,Rajya Sabha,,,,Lapsed,Manmohan Singh,15,2009-14
2010,72,"The Constitution (Amendment) Bill, 2010 (to amend article 53)",Private Member,Shantaram Laxman Naik Shri,25-02-2011,Rajya Sabha,,,,Lapsed,Manmohan Singh,15,2009-14
2010,83,"The Constitution (Amendment) Bill, 2010 (to amend article 16)",Private Member,Narendra Kumar Kashyap Shri,25-02-2011,Rajya Sabha,,,,Lapsed,Manmohan Singh,15,2009-14
2010,37,"The Constitution (Amendment) Bill, 2010 (to amend article 348)",Private Member,Prabhat Jha Shri,05-08-2011,Rajya Sabha,,,,Lapsed,Manmohan Singh,15,2009-14
2009,107,"The Constitution (One Hundred and Eleventh Amendment) Bill, 2011.",Government,,30-11-2009,Lok Sabha,22-12-2011,28-12-2011,12-01-2012,Assented,Manmohan Singh,15,2009-14
2009,9,"The Constitution (Amendment) Bill, 2009 (to amend article 371-I)",Private Member,Shantaram Laxman Naik Shri,03-07-2009,Rajya Sabha,,,,Lapsed,Manmohan Singh,15,2009-14
2009,21,"The Constitution (Amendment) Bill, 2009 (Amendment of the Eighth Schedule)",Private Member,Arjun Ram Meghwal Shri,03-07-2009,Lok Sabha,,,,Lapsed,Manmohan Singh,15,2009-14
2009,20,"The Constitution (Ninety-fifth Amendment) Bill, 2009",Government,,30-07-2009,Rajya Sabha,,03-08-2009,18-01-2010,Assented,Manmohan Singh,15,2009-14
2009,100,"The Constitution (One Hundred and Twelfth Amendment) Bill, 2009",Government,,24-11-2009,Lok Sabha,,,,Lapsed,Manmohan Singh,15,2009-14
2009,99,"The Constitution (One Hundred and Tenth Amendment) Bill, 2009",Government,,26-11-2009,Lok Sabha,,,,Lapsed,Manmohan Singh,15,2009-14
2009,29,"The Constitution (Amendment) Bill, 2009 (to amend article 37)",Private Member,M. Rama Jois Shri,04-12-2009,Rajya Sabha,,,,Lapsed,Manmohan Singh,15,2009-14
2009,36,"The Constitution (Amendment) Bill, 2009 (to amend article 324)",Private Member,Rajeev Chandrasekhar Shri,04-12-2009,Rajya Sabha,,,,Lapsed,Manmohan Singh,15,2009-14
2009,38,"The Constitution (Amendment) Bill, 2009 (to amend article 16)",Private Member,Matilal Sarkar Shri,04-12-2009,Rajya Sabha,,,,Lapsed,Manmohan Singh,15,2009-14
2009,23,"The Constitution (Amendment) Bill, 2009 (to amend article 51-A)",Private Member,T. Subbarami Reddy Dr.,18-12-2009,Rajya Sabha,,,,Lapsed,Manmohan Singh,15,2009-14
2009,24,"The Constitution (Amendment) Bill, 2009 (to amend articles 124 and 217)",Private Member,T. Subbarami Reddy Dr.,18-12-2009,Rajya Sabha,,,,Lapsed,Manmohan Singh,15,2009-14
2009,53,"The Constitution (Amendment) Bill, 2009 (insertion of new articles 15A, 17A and 17B)",Private Member,M. Rama Jois Shri,18-12-2009,Rajya Sabha,,,,Lapsed,Manmohan Singh,15,2009-14
2009,56,"The Constitution (Amendment) Bill, 2009 (insertion of new article 2A)",Private Member,Matilal Sarkar Shri,18-12-2009,Rajya Sabha,,,,Lapsed,Manmohan Singh,15,2009-14
2009,34,"The Constitution (Amendment) Bill, 2009 (insertion of new article 16A and amendment of article 39)",Private Member,Gireesh Kumar Sanghi Shri,03-05-2010,Rajya Sabha,,,,Lapsed,Manmohan Singh,15,2009-14
2009,48,"The Constitution (Amendment) Bill, 2009 (insertion of new article 21B)",Private Member,Akhilesh Das Gupta Dr.,03-05-2010,Rajya Sabha,,,,Lapsed,Manmohan Singh,15,2009-14
2009,50,"The Constitution (Amendment) Bill, 2009 (to amend article 275)",Private Member,Akhilesh Das Gupta Dr.,03-05-2010,Rajya Sabha,,,,Lapsed,Manmohan Singh,15,2009-14
2008,13,"The Constitution (Amendment) Bill, 2008 (amendment of article 148)",Private Member,Rajeev Chandrasekhar Shri,03-07-2009,Rajya Sabha,,,,Lapsed,Manmohan Singh,15,2009-14
2008,22,"The Constitution (Amendment) Bill, 2008 (to amend articles 217 and 233)",Private Member,Abhishek Manu Singhvi Dr.,03-07-2009,Rajya Sabha,,,,Lapsed,Manmohan Singh,15,2009-14
2008,37,"The Constitution (Amendment) Bill, 2008 (to amend articles 54 and 55)",Private Member,Rajeev Chandrasekhar Shri,03-07-2009,Rajya Sabha,,,,Lapsed,Manmohan Singh,15,2009-14
2008,50,"The Constitution (Amendment) Bill, 2008 (insertion of new article 21B)",Private Member,T. Subbarami Reddy Dr.,03-07-2009,Rajya Sabha,,,,Lapsed,Manmohan Singh,15,2009-14
2008,62,"The Constitution (Amendment) Bill, 2008 (to amend article 130)",Private Member,T. Subbarami Reddy Dr.,03-07-2009,Rajya Sabha,,,,Lapsed,Manmohan Singh,15,2009-14
2008,30,"The Constitution (One Hundred and Eighth Amendment) Bill, 2010",Government,,06-05-2008,Rajya Sabha,,,,Lapsed,Manmohan Singh,14,2004- 09
2008,1,"The Constitution (Amendment) Bill, 2008 (amendment of article 73)",Private Member,Brinda Karat Smt.,19-12-2008,Rajya Sabha,,,,Lapsed,Manmohan Singh,14,2004- 09
2008,16,"The Constitution (Amendment) Bill, 2008 (insertion of new aticles 330A and 332A)",Private Member,Brinda Karat Smt.,19-12-2008,Rajya Sabha,,,,Lapsed,Manmohan Singh,14,2004- 09
2008,20,"The Constitution (Amendment) Bill, 2008 (insertion of new aticle 335A)",Private Member,E.M. Sudarsana Natchiappan Dr.,19-12-2008,Rajya Sabha,,,,Lapsed,Manmohan Singh,14,2004- 09
2008,26,"The Constitution (Amendment) Bill, 2008 (amendment of article 51A)",Private Member,Shreegopal Vyas Shri,19-12-2008,Rajya Sabha,,,,Lapsed,Manmohan Singh,14,2004- 09
2008,29,"The Constitution (Amendment) Bill, 2008 (amendment of articles 85 and 174)",Private Member,Mahendra Mohan Shri,19-12-2008,Rajya Sabha,,,,Withdrawn,Manmohan Singh,14,2004- 09
2008,40,"The Constitution (Amendment) Bill, 2008 (amendment of the Eighth Schedule)",Private Member,Shreegopal Vyas Shri,19-12-2008,Rajya Sabha,,,,Lapsed,Manmohan Singh,14,2004- 09
2008,58,"The Constitution (Amendment) Bill, 2008 (to amend article 371F)",Private Member,O.T. Lepcha Shri,19-12-2008,Rajya Sabha,,,,Lapsed,Manmohan Singh,14,2004- 09
2008,64,"The Constitution (Amendment) Bill, 2008 (amendment of article 1)",Private Member,Shreegopal Vyas Shri,19-12-2008,Rajya Sabha,,,,Lapsed,Manmohan Singh,14,2004- 09
2008,12,"The Constitution (Amendment) Bill, 2008 (to amend the Seventh Schedule)",Private Member,Shantaram Laxman Naik Shri,13-02-2009,Rajya Sabha,,,,Lapsed,Manmohan Singh,14,2004- 09
2008,14,"The Constitution (Amendment) Bill, 2008 (to amend article 145)",Private Member,Shantaram Laxman Naik Shri,13-02-2009,Rajya Sabha,,,,Lapsed,Manmohan Singh,14,2004- 09
2007,29,"The Constitution (Amendment) Bill, 2007 (insertion of new article 30A)",Private Member,Jai Parkash Aggarwal Shri,27-04-2007,Rajya Sabha,,,,Lapsed,Manmohan Singh,14,2004- 09
2007,28,"The Constitution (Amendment) Bill, 2007 (insertion of new article 16A)",Private Member,Alka Balram Kshatriya Prof.,27-04-2007,Rajya Sabha,,,,Lapsed,Manmohan Singh,14,2004- 09
2007,31,"The Constitution (Amendment) Bill, 2007 (amendment of Seventh Schedule)",Private Member,Shantaram Laxman Naik Shri,24-08-2007,Rajya Sabha,,,,Lapsed,Manmohan Singh,14,2004- 09
2007,32,"The Constitution (Amendment) Bill, 2007 (insertion of new article 50A)",Private Member,Shantaram Laxman Naik Shri,24-08-2007,Rajya Sabha,,,,Lapsed,Manmohan Singh,14,2004- 09
2007,35,"The Constitution (Amendment) Bill, 2007 (Amendment of Tenth Schedule)",Private Member,Shantaram Laxman Naik Shri,24-08-2007,Rajya Sabha,,,,Lapsed,Manmohan Singh,14,2004- 09
2007,41,"The Constitution (Amendment) Bill, 2007 (omission of articles 127, 128, 224 and 224A and amendment of article 217)",Private Member,Rajeev Chandrasekhar Shri,24-08-2007,Rajya Sabha,,,,Lapsed,Manmohan Singh,14,2004- 09
2007,45,"The Constitution (Amendment) Bill, 2007 (amendment of articles 153, 156 and 158 and substitution of new article for article 157)",Private Member,Rajeev Chandrasekhar Shri,24-08-2007,Rajya Sabha,,,,Lapsed,Manmohan Singh,14,2004- 09
2007,34,"The Constitution (Amendment) Bill, 2007 (insertion of new article 16A and substitution of new article for article 41)",Private Member,Santosh Bagrodia Shri,07-09-2007,Rajya Sabha,,,,Lapsed,Manmohan Singh,14,2004- 09
2007,44,"The Constitution (Amendment) Bill, 2007 (insertion of new article 21B)",Private Member,Jai Parkash Aggarwal Shri,07-09-2007,Rajya Sabha,,,,Lapsed,Manmohan Singh,14,2004- 09
2007,63,"The Constitution (Amendment) Bill, 2007 (amendment of article 15)",Private Member,Pramila Bohidar Ms.,07-09-2007,Rajya Sabha,,,,Lapsed,Manmohan Singh,14,2004- 09
2007,42,"The Constitution (Amendment) Bill, 2007 (insertion of new article 16A)",Private Member,Jai Parkash Aggarwal Shri,07-09-2007,Rajya Sabha,,,,Lapsed,Manmohan Singh,14,2004- 09
2007,71,"The Constitution (Amendment) Bill, 2007 (amendment of the Preamble)",Private Member,Shreegopal Vyas Shri,30-11-2007,Rajya Sabha,,,,Lapsed,Manmohan Singh,14,2004- 09
2007,77,"The Constitution (Amendment) Bill, 2007 (amendment of the Tenth Schedule)",Private Member,Shantaram Laxman Naik Shri,30-11-2007,Rajya Sabha,,,,Lapsed,Manmohan Singh,14,2004- 09
2007,95,"THE Constitution (One Hundred and Seventh Amendment) Bill, 2007.",Government,,30-11-2007,Lok Sabha,,,,Lapsed,Manmohan Singh,14,2004- 09
2006,15,"The Constitution (One Hundred and Fifth Amendment) Bill, 2006",Government,,01-03-2006,Lok Sabha,22-05-2006,22-05-2006,12-06-2006,Assented,Manmohan Singh,14,2004- 09
2006,6,"The Constitution (Amendment) Bill, 2006 (To amend articles 105 and 194)",Private Member,Vijay Jawaharlal Darda Shri,03-03-2006,Rajya Sabha,,,,Lapsed,Manmohan Singh,14,2004- 09
2006,27,"The Constitution (Amenment) Bill, 2006 (insertion of new article 21B and to amend article 51A)",Private Member,E.M. Sudarsana Natchiappan Dr.,12-05-2006,Rajya Sabha,,,,Lapsed,Manmohan Singh,14,2004- 09
2006,39,"The Constitution (Amendment) Bill, 2006 (amendment of article 275)",Private Member,B. J. Panda Shri,12-05-2006,Rajya Sabha,,,,Lapsed,Manmohan Singh,14,2004- 09
2006,7,"The Constitution (Amendment) Bill, 2006 (insertion of new article 38A and to amend the seventh schedule).",Private Member,Santosh Bagrodia Shri,28-07-2006,Rajya Sabha,,,,Lapsed,Manmohan Singh,14,2004- 09
2006,44,"The Constitution (Amendment) Bill, 2006 (amendment of Eighth Shedule).",Private Member,Lalhming Liana Shri,28-07-2006,Rajya Sabha,,,,Negatived,Manmohan Singh,14,2004- 09
2006,51,"The Constitution (Amendment) Bill, 2006 (Amendment of articles 75 and 164)",Private Member,Bachi Singh Rawat Shri,28-07-2006,Lok Sabha,,,,Lapsed,Manmohan Singh,14,2004- 09
2006,4,"The Constitution (Amendment) Bill, 2006 (Amendment of article 117, etc.)",Private Member,Anandrao Vithoba Adsul Shri,14-08-2006,Lok Sabha,,,,Lapsed,Manmohan Singh,14,2004- 09
2006,58,"The Constitution (Amendment) Bill, 2006 (amendment of articles 145 and 227)",Private Member,Kalraj Mishra Shri,25-08-2006,Rajya Sabha,,,,Lapsed,Manmohan Singh,14,2004- 09
2006,75,"The Constitution (Amendment) Bill, 2006 (insertion of new article 371 J)",Private Member,K.B. Shanappa Shri,25-08-2006,Rajya Sabha,,,,Withdrawn,Manmohan Singh,14,2004- 09
2006,56,"The Constitution (Amendment) Bill, 2006 (Amendment of article 103 and insertion of new article 324A)",Private Member,Manohar Joshi Shri,24-11-2006,Rajya Sabha,,,,Lapsed,Manmohan Singh,14,2004- 09
2006,59,"The Constitution (Amendment) Bill, 2006 (Amendment of Ninth Schedule)",Private Member,C.K. Chandrappan Shri,24-11-2006,Lok Sabha,,,,Lapsed,Manmohan Singh,14,2004- 09
2006,93,"The Constitutional (Amendment) Bill, 2006 (insertion of new articles 275A and 371J)",Private Member,Prabha Thakur Dr.,08-12-2006,Rajya Sabha,,,,Lapsed,Manmohan Singh,14,2004- 09
2006,94,"The Constitutional (Amendment) Bill, 2006 (insertion of new article 21B)",Private Member,Prabha Thakur Dr.,08-12-2006,Rajya Sabha,,,,Lapsed,Manmohan Singh,14,2004- 09
2006,95,"The Constitution (Amendment) Bill, 2006 (insertion of new article 48AA)",Private Member,Santosh Bagrodia Shri,08-12-2006,Rajya Sabha,,,,Lapsed,Manmohan Singh,14,2004- 09
2006,96,"The Constitutional (Amendment) Bill, 2006 (amendment of articles 102 and 191)",Private Member,Shantaram Laxman Naik Shri,08-12-2006,Rajya Sabha,,,,Lapsed,Manmohan Singh,14,2004- 09
2006,103,"The Constitutional (Amendment) Bill, 2006 (insertion of new article 19A)",Private Member,Shantaram Laxman Naik Shri,08-12-2006,Rajya Sabha,,,,Lapsed,Manmohan Singh,14,2004- 09
2006,105,"The Constitution (Amendment) Bill, 2006 (amendment of Eighth Schedule)",Private Member,Abhishek Manu Singhvi Dr.,08-12-2006,Rajya Sabha,,,,Lapsed,Manmohan Singh,14,2004- 09
2006,109,"The Constitutional (Amendment) Bill, 2006 (amendment of articles 243G and 243W)",Private Member,Shantaram Laxman Naik Shri,08-12-2006,Rajya Sabha,,,,Lapsed,Manmohan Singh,14,2004- 09
2005,160,"The Contstituion (One Hundred and Fourth Amendment) Bill, 2005",Government,,20-12-2005,Lok Sabha,21-12-2005,22-12-2005,20-01-2006,Assented,Manmohan Singh,14,2004- 09
2005,60,"The Constitution (Amendment) Bill, 2005 (Amendment of article 16 and Ninth Schedule)",Private Member,Mani Charenamai Shri,29-04-2005,Lok Sabha,,,,Lapsed,Manmohan Singh,14,2004- 09
2005,56,"The Constitution (Amendment) Bill, 2005 (Amendment of articles 124 and 217)",Private Member,A.P. Abdullakutty Shri,13-05-2005,Lok Sabha,,,,Lapsed,Manmohan Singh,14,2004- 09
2005,66,"The Constitution (Amendment) Bill, 2005 (Amendment of the Seventh Schedule)",Private Member,Daggubati Purandareswari Smt.,13-05-2005,Lok Sabha,,,,Pending,Manmohan Singh,14,2004- 09
2005,57,"The Constitution (Amendment) Bill, 2005 (Insertion of new article 24A)",Private Member,Subodh Mohite Shri,29-07-2005,Lok Sabha,,,,Pending,Manmohan Singh,14,2004- 09
2005,81,"The Constitution (Amendment) Bill, 2005 (Insertion of new article 16A)",Private Member,Chandrakant Bhaurao Khaire Shri,29-07-2005,Lok Sabha,,,,Lapsed,Manmohan Singh,14,2004- 09
2005,83,"The Constitution (Amendment) Bill, 2005 (Amendment of article 371)",Private Member,Chandrakant Bhaurao Khaire Shri,29-07-2005,Lok Sabha,,,,Lapsed,Manmohan Singh,14,2004- 09
2005,84,"The Constitution (Amendment) Bill, 2005 (Amendment of article 19)",Private Member,Brajesh Pathak Shri,29-07-2005,Lok Sabha,,,,Pending,Manmohan Singh,14,2004- 09
2005,85,"The Constitution (Amendment) Bill, 2005 (Amendment of article 200, etc.)",Private Member,Hannan Mollah Shri,29-07-2005,Lok Sabha,,,,Lapsed,Manmohan Singh,14,2004- 09
2005,88,"The Constitution (Scheduled Tribes) Order (Amendment) Bill, 2005 (Amendment of the Schedule)",Private Member,Kiren Rijiju Shri,29-07-2005,Lok Sabha,,,,Lapsed,Manmohan Singh,14,2004- 09
2005,132,"The Constitution (Amendment) Bill, 2005 (Amendment of article 174)",Private Member,Mohan Singh Shri,12-09-2005,Lok Sabha,,,,Lapsed,Manmohan Singh,14,2004- 09
2005,133,"The Constitution (Amendment) Bill, 2005 (Insertion of new article 51B)",Private Member,Mohan Singh Shri,12-09-2005,Lok Sabha,,,,Lapsed,Manmohan Singh,14,2004- 09
2005,134,"The Constitution (Amendment) Bill, 2005 (Amendment of article 158)",Private Member,Mohan Singh Shri,12-09-2005,Lok Sabha,,,,Lapsed,Manmohan Singh,14,2004- 09
2005,135,"The Constitution (Amendment) Bill, 2005 (Insertion of new article 262A)",Private Member,Kavuru Samba Siva Rao Shri,12-09-2005,Lok Sabha,,,,Lapsed,Manmohan Singh,14,2004- 09
2005,152,"The Constitution (Amendment) Bill, 2005 (Insertion of new article 335A)",Private Member,Chengara Surendran Shri,28-07-2006,Lok Sabha,,,,Lapsed,Manmohan Singh,14,2004- 09
2005,156,"The Constitution (Amendment) Bill, 2005 (Amendment of articles 341 and 342)",Private Member,Chengara Surendran Shri,28-07-2006,Lok Sabha,,,,Lapsed,Manmohan Singh,14,2004- 09
2004,9,"The Constitution (Amendment) Bill, 2004 (Amendment of article 155)",Private Member,C.K. Chandrappan Shri,09-07-2004,Lok Sabha,,,,Lapsed,Manmohan Singh,14,2004- 09
2004,24,"The Constitution (Amendment) Bill, 2004 (Insertion of new article 16A, etc.)",Private Member,C.K. Chandrappan Shri,09-07-2004,Lok Sabha,,,,Lapsed,Manmohan Singh,14,2004- 09
2004,32,"The Constitution (Amendment) Bill, 2004 (Insertion of new article 16A)",Private Member,Basudev Acharia Shri,09-07-2004,Lok Sabha,,,,Lapsed,Manmohan Singh,14,2004- 09
2004,16,"The Constitution (Scheduled Castes) Order (Amendment) Bill, 2004 (Amendment of the Schedule)",Private Member,Punnulal Mohale Shri,07-09-2004,Lok Sabha,,,,Pending,Manmohan Singh,14,2004- 09
2004,23,"The Constitution (Scheduled Tribes) Order (Amendment) Bill, 2004 (Amendment of the Schedule)",Private Member,Basudev Acharia Shri,07-09-2004,Lok Sabha,,,,Lapsed,Manmohan Singh,14,2004- 09
2004,19,"The Constitution (Amendment) Bill, 2004 (Amendment of article 298, etc.)",Private Member,Anant Gangaram Geete Shri,03-12-2004,Lok Sabha,,,,Lapsed,Manmohan Singh,14,2004- 09
2004,35,"The Constitution (Amendment) Bill, 2004 (Amendment of article 164)",Private Member,W. Wangyuh Konyak Shri,03-12-2004,Lok Sabha,,,,Lapsed,Manmohan Singh,14,2004- 09
2004,52,"The Constitution (Amendment) Bill, 2004 (Insertion of new article 21B)",Private Member,Suravaram Sudhakar Reddy Shri,17-12-2004,Lok Sabha,,,,Lapsed,Manmohan Singh,14,2004- 09
2004,56,"The Constitution (Amendment) Bill, 2004 (Amendment of article 85, etc.)",Private Member,Pawan Kumar Bansal Shri,17-12-2004,Lok Sabha,,,,Pending,Manmohan Singh,14,2004- 09
2004,59,"The Constitution (Amendment) Bill, 2004 (Amendment of article 43A)",Private Member,Suravaram Sudhakar Reddy Shri,17-12-2004,Lok Sabha,,,,Lapsed,Manmohan Singh,14,2004- 09
2004,72,"The Constitution (Amendment) Bill, 2004 (Amendment of article 130)",Private Member,Salarapatty Kuppusamy Kharventhan Shri,17-12-2004,Lok Sabha,,,,Lapsed,Manmohan Singh,14,2004- 09
2004,74,"The Constitution (Amendment) Bill, 2004 (Insertion of new article 100A)",Private Member,C.K. Chandrappan Shri,17-12-2004,Lok Sabha,,,,Lapsed,Manmohan Singh,14,2004- 09
2004,79,"The Constitution (Amendment) Bill, 2004 (Amendment of article 239AA, etc.)",Private Member,C.K. Chandrappan Shri,17-12-2004,Lok Sabha,,,,Lapsed,Manmohan Singh,14,2004- 09
2004,104,"The Constitution (One Hundred and Third Amendment) Bill, 2004",Government,,23-12-2004,Lok Sabha,,,,Lapsed,Manmohan Singh,14,2004- 09
2004,66,"The Constitution (Amendment) Bill, 2004 (Amendment of article 80, etc.)",Private Member,Pawan Kumar Bansal Shri,11-03-2005,Lok Sabha,,,,Pending,Manmohan Singh,14,2004- 09
2004,34,"The Constitution (Amendment) Bill, 2004 (To amend articles 75 and 164)",Private Member,Alladi P. Rajkumar Dr.,17-02-2006,Rajya Sabha,,,,Lapsed,Manmohan Singh,14,2004- 09
2003,31,"The Constitution ( Ninety-sixth Amendment) Bill, 2003",Government,,05-02-2003,Lok Sabha,05-06-2003,05-08-2003,22-06-2003,Assented,Atal Bihari Vajpayee,13,1999- 04
2003,38,"The Constitution ( Ninety-ninth Amendment) Bill, 2003",Government,,09-05-2003,Lok Sabha,08-08-2003,19-08-2003,28-09-2003,Passed,Atal Bihari Vajpayee,13,1999- 04
2003,63,"The Constitution (One Hundredth Amendment) Bill, 2003",Government,,18-08-2003,Lok Sabha,22-12-2003,23-12-2003,07-01-2004,Assented,Atal Bihari Vajpayee,13,1999- 04
2003,5,"The Constitution ( Amendment) Bill, 2003. (to amend article 171.)",Private Member,K. B. Krishna Murthy Shri,25-04-2003,Rajya Sabha,,,,Lapsed,Atal Bihari Vajpayee,13,1999- 04
2003,44,"The Constitution (Amendment) Bill, 2003 (to amend article 371).",Private Member,K. B. Krishna Murthy Shri,25-07-2003,Rajya Sabha,,,,NA,Atal Bihari Vajpayee,13,1999- 04
2003,67,"The Constitution ( One Hundred and Second Amendment) Bill, 2003",Government,,18-08-2003,Lok Sabha,,,,Lapsed,Atal Bihari Vajpayee,13,1999- 04
2003,57,"The Constitution (Amendment) Bill, 2003 (Amendment of articles 243ZD and 243ZE)",Private Member,Ramesh Chennithala Shri,22-08-2003,Lok Sabha,,,,Pending,Atal Bihari Vajpayee,13,1999- 04
2003,41,"The Constitution (Ninety-eight Amendment) Bill, 2003",Government,,05-09-2003,Lok Sabha,,,,Lapsed,Atal Bihari Vajpayee,13,1999- 04
2003,70,"The Constitution (Amendment) Bill, 2003 (Insertion of new article 371EA)",Private Member,Ramesh Chennithala Shri,19-12-2003,Lok Sabha,,,,Pending,Atal Bihari Vajpayee,13,1999- 04
2003,73,"The Constitution (Amendment) Bill, 2003 (Amendment of article 103, etc.)",Private Member,Gulam Mehmood Banatwalla Shri,19-12-2003,Lok Sabha,,,,Pending,Atal Bihari Vajpayee,13,1999- 04
2002,94,"The Constitution (Ninety-fourth Amendment) Bill, 2002",Government,,20-12-2002,Lok Sabha,08-08-2003,19-08-2003,28-09-2003,Passed,Atal Bihari Vajpayee,13,1999- 04
2002,51,"The Constitution (Amendment) BIll, 2002 (Amendment of Tenth Schedule)",Private Member,Gulam Mehmood Banatwalla Shri,08-02-2002,Lok Sabha,,,,Pending,Atal Bihari Vajpayee,13,1999- 04
2002,29,"The Constitution (Amendment) Bill, 2002 (Amendment of articles 124 and 216)",Private Member,Suresh Kodikunnil Shri,05-03-2002,Lok Sabha,,,,Pending,Atal Bihari Vajpayee,13,1999- 04
2002,4,"The Constitution (Amendment) Bill, 2002 (Amendment of article 124, etc.)",Private Member,Ramesh Chennithala Shri,22-03-2002,Lok Sabha,,,,Pending,Atal Bihari Vajpayee,13,1999- 04
2002,15,"The Constitution (Amendment) Bill, 2002 (Amendment of article 105)",Private Member,Ramesh Chennithala Shri,22-03-2002,Lok Sabha,,,,Pending,Atal Bihari Vajpayee,13,1999- 04
2002,3,"The Constitution (Scheduled Tribes) Order (Amendment) Bill, 2002 (Amendment of the Schedule)",Private Member,Mohan Ponnuswamy Shri,03-05-2002,Lok Sabha,,,,Pending,Atal Bihari Vajpayee,13,1999- 04
2002,71,"The Constitution (Amendment) Bill, 2002 (Insertion of new article 371-J)",Private Member,Priya Ranjan Dasmunsi Shri,12-05-2002,Lok Sabha,,,,Pending,Atal Bihari Vajpayee,13,1999- 04
2002,40,"The Constitution (Amendment) Bill, 2002 (Amendment of article 275)",Private Member,S. Murugesan Shri,19-07-2002,Lok Sabha,,,,Pending,Atal Bihari Vajpayee,13,1999- 04
2002,49,"The Constitution (Amendment) Bill, 2002 (Insertion of new article 21A)",Private Member,Priya Ranjan Dasmunsi Shri,19-07-2002,Lok Sabha,,,,Pending,Atal Bihari Vajpayee,13,1999- 04
2002,50,"The Constitution (Amendment) Bill, 2002 (Amendment of article 243C, etc.)",Private Member,Priya Ranjan Dasmunsi Shri,19-07-2002,Lok Sabha,,,,Pending,Atal Bihari Vajpayee,13,1999- 04
2002,52,"The Constitution (Amendment) Bill, 2002 (Amendment of articles 124 and 216)",Private Member,Renuka Chowdhury Smt.,22-11-2002,Lok Sabha,,,,Pending,Atal Bihari Vajpayee,13,1999- 04
2001,105,"The Constitution (Ninety-Second Amendment) Bill, 2001",Government,,26-11-2001,Lok Sabha,28-11-2001,12-05-2001,01-04-2002,Assented,Atal Bihari Vajpayee,13,1999- 04
2001,3,"The Constitution (Amendment) Bill, 2001 (Amendment of articles 75, etc.)",Private Member,Gulam Mehmood Banatwalla Shri,27-07-2001,Lok Sabha,,,,Pending,Atal Bihari Vajpayee,13,1999- 04
2001,8,"The Constitution (Amendment) Bill, 2001 (Amendment of article 80)",Private Member,Anant Gangaram Geete Shri,27-07-2001,Lok Sabha,,,,Pending,Atal Bihari Vajpayee,13,1999- 04
2001,32,"The Constitution (Amendment) Bill, 2001 (Amendment of articles 115 and 205)",Private Member,Ramesh Chennithala Shri,27-07-2001,Lok Sabha,,,,NA,Atal Bihari Vajpayee,13,1999- 04
2001,40,"The Constitution (Amendment) Bill, 2001 (Amendment of First Schedule)",Private Member,Hannan Mollah Shri,27-07-2001,Lok Sabha,,,,Pending,Atal Bihari Vajpayee,13,1999- 04
2001,43,"The Constitution (Amendment) Bill, 2001 (Amendment of article 103, etc.)",Private Member,Hannan Mollah Shri,27-07-2001,Lok Sabha,,,,Pending,Atal Bihari Vajpayee,13,1999- 04
2001,15,"The Constitution (Amendment) Bill, 2001 (Amendment of article 217)",Private Member,Kolur Basavanagoud Shri,24-08-2001,Lok Sabha,,,,Pending,Atal Bihari Vajpayee,13,1999- 04
2001,57,"The Constitution (Amendment) Bill, 2001 (Amendment of article 85, etc.)",Private Member,Pawan Kumar Bansal Shri,24-08-2001,Lok Sabha,,,,Pending,Atal Bihari Vajpayee,13,1999- 04
2001,65,"The Constitution (Amendment) Bill, 2001 (Amendment of article 117, etc.)",Private Member,Anandrao Vithoba Adsul Shri,24-08-2001,Lok Sabha,,,,Pending,Atal Bihari Vajpayee,13,1999- 04
2001,66,"The Constitution (Amendment) Bill, 2001 (Amendment of article 189)",Private Member,Kolur Basavanagoud Shri,24-08-2001,Lok Sabha,,,,Pending,Atal Bihari Vajpayee,13,1999- 04
2001,94,"The Constitution (Amendment) BIll, 2001 (Amendment of article 19)",Private Member,Gulam Mehmood Banatwalla Shri,22-03-2002,Lok Sabha,,,,Pending,Atal Bihari Vajpayee,13,1999- 04
2001,118,"The Constitution (Amendment) Bill, 2001 (Insertion of new articles 151A to 151J)",Private Member,Uttamrao Nathuji Dhikale Shri,22-03-2002,Lok Sabha,,,,Pending,Atal Bihari Vajpayee,13,1999- 04
2001,124,"The Constitution (Amendment) BIll, 2001 (Amendment of article 243ZD, etc.)",Private Member,Uttamrao Nathuji Dhikale Shri,22-03-2002,Lok Sabha,,,,Pending,Atal Bihari Vajpayee,13,1999- 04
2001,91,"The Constitution (Amendment) Bill, 2001 (Amendment of article 16)",Private Member,Renuka Chowdhury Smt.,22-11-2002,Lok Sabha,,,,Pending,Atal Bihari Vajpayee,13,1999- 04
2001,104,"The Constitution (Amendment) Bill, 2001 (Amendment of article 323)",Private Member,Kolur Basavanagoud Shri,21-02-2003,Lok Sabha,,,,Pending,Atal Bihari Vajpayee,13,1999- 04
2000,90,"The Constitution (Ninetieth Amendment) Bill, 2000",Government,,05-08-2000,Lok Sabha,09-05-2000,16-05-2000,05-10-2000,Passed,Atal Bihari Vajpayee,13,1999- 04
2000,41,"The Constitution (Eighty - Ninth Amendment) Bill, 2000.",Government,,03-09-2000,Lok Sabha,05-09-2000,16-05-2000,06-09-2000,Passed,Atal Bihari Vajpayee,13,1999- 04
2000,90,"The Constitution (Ninetieth Amendment) Bill, 2000",Government,,05-08-2000,Lok Sabha,05-10-2000,16-05-2000,05-10-2000,Passed,Atal Bihari Vajpayee,13,1999- 04
2000,172,"The Constitution ( Ninety- first Amendment ) Bill , 2000.",Government,,27-11-2000,Lok Sabha,21-08-2001,23-08-2001,21-02-2002,Passed,Atal Bihari Vajpayee,13,1999- 04
2000,15,"The Constitution (Amendment) Bill, 2000 (Insertion of new articles 16A abd 29A)",Private Member,P.C. Thomas Shri,20-04-2000,Lok Sabha,,,,Lapsed,Atal Bihari Vajpayee,13,1999- 04
2000,27,"The Constituiton (Amendment) Bill, 2000 (Amendment of articles 81 and 170)",Private Member,Gulam Mehmood Banatwalla Shri,20-04-2000,Lok Sabha,,,,Lapsed,Atal Bihari Vajpayee,13,1999- 04
2000,58,"The Constitution (Amendment) Bill, 2000",Private Member,Vijay Goel Shri,20-04-2000,Lok Sabha,,,,Lapsed,Atal Bihari Vajpayee,13,1999- 04
2000,39,"The Constitution (Amendment) Bill, 2000 (Insertion of new articles 151A to 151D)",Private Member,Gangasandra Siddappa Basavaraj Shri,20-04-2000,Lok Sabha,,,,Lapsed,Atal Bihari Vajpayee,13,1999- 04
2000,73,"The Constitution (Amendment) Bill, 2000 (Amendment of article 16, etc.)",Private Member,Sushil Kumar Shinde,05-05-2000,Lok Sabha,,,,Lapsed,Atal Bihari Vajpayee,13,1999- 04
2000,104,"The Constitution (Amendment) Bill, 2000 (Amendment of article 39)",Private Member,Ramdas Athawale Shri,28-07-2000,Lok Sabha,,,,Lapsed,Atal Bihari Vajpayee,13,1999- 04
2000,160,"The Constitution (Amendment) Bill, 2000 (Amendment of article 248, etc.)",Private Member,Suresh Kurup Adv.,23-02-2001,Lok Sabha,,,,Lapsed,Atal Bihari Vajpayee,13,1999- 04
2000,154,"The Constitution (Amendment) Bill, 2000",Private Member,Ramdas Athawale Shri,27-07-2001,Lok Sabha,,,,Pending,Atal Bihari Vajpayee,13,1999- 04
2000,158,The Constitution (Amendment) Bill 2000,Private Member,Subodh Mohite Shri,27-07-2001,Lok Sabha,,,,Pending,Atal Bihari Vajpayee,13,1999- 04
2000,159,"The Constitution (Amendment) Bill, 2002",Private Member,Prahlad Singh Patel Shri,27-07-2001,Lok Sabha,,,,Pending,Atal Bihari Vajpayee,13,1999- 04
2000,162,"The Constitution (Amendment) Bill, 2000 (Amendment of article 130)",Private Member,A.D.K. Jeyaseelan Dr.,27-07-2001,Lok Sabha,,,,NA,Atal Bihari Vajpayee,13,1999- 04
2000,168,"The Constitution (Amendment) Bill,2000 (Amendment of seventh schedule)",Private Member,A.D.K. Jeyaseelan Dr.,27-07-2001,Lok Sabha,,,,Pending,Atal Bihari Vajpayee,13,1999- 04
2000,188,"The Constitution (Amendment) Bill, 2000 (Amendment of Eighth Schedule)",Private Member,Hannan Mollah Shri,27-07-2001,Lok Sabha,,,,Pending,Atal Bihari Vajpayee,13,1999- 04
2000,191,"The Constitution (Amendment) Bill, 2000 (Insertionof new article 21A, etc.)",Private Member,Basudev Acharia Shri,27-07-2001,Lok Sabha,,,,Lapsed,Atal Bihari Vajpayee,13,1999- 04
2000,192,"The Constitution (Amendment) Bill, 2000 (Amendment of article 177)",Private Member,Kolur Basavanagoud Shri,24-08-2001,Lok Sabha,,,,Lapsed,Atal Bihari Vajpayee,13,1999- 04
2000,173,"The Constitution (Amendment) BIll, 2000 (Substitution of new article for article 120, etc.)",Private Member,Vaiko Shri,08-10-2001,Lok Sabha,,,,Lapsed,Atal Bihari Vajpayee,13,1999- 04
1999,67,"The Consititution (Eighty-Fourth Amendment) Bill, 1999",Government,,26-10-1999,Lok Sabha,27-10-1999,28-10-1999,21-01-2000,Passed,Atal Bihari Vajpayee,13,1999- 04
1999,46,"The Constitution (Eighty-sixth Amendment) Bill, 1999",Government,,17-12-1999,Rajya Sabha,22-08-2000,17-08-2000,09-08-2000,Passed,Atal Bihari Vajpayee,13,1999- 04
1999,54,"The Constitution (Eighty-eighth Amendment) Bill, 1999",Government,,23-12-1999,Rajya Sabha,22-08-2000,17-08-2000,09-08-2000,Passed,Atal Bihari Vajpayee,13,1999- 04
1999,47,"The Constitution (Eighty-seventh (Amendment) Bill, 1999",Government,,17-12-1999,Rajya Sabha,,,,Withdrawn,Atal Bihari Vajpayee,13,1999- 04
1999,102,"The Constitution (Amendment) Bill, 1999 (Insertion of new article 44A)",Private Member,P.C. Thomas Shri,17-12-1999,Lok Sabha,,,,Pending,Atal Bihari Vajpayee,13,1999- 04
1999,119,"The Constitution (Amendment) Bill, 1999 (Insertion of new article 75A)",Private Member,Anant Gangaram Geete Shri,17-12-1999,Lok Sabha,,,,Pending,Atal Bihari Vajpayee,13,1999- 04
1999,132,"The Constitution (Amendment) Bill, 1999 (Amendment of article 103, etc.)",Private Member,Anant Gangaram Geete Shri,17-12-1999,Lok Sabha,,,,Pending,Atal Bihari Vajpayee,13,1999- 04
1999,99,"The Constitution (Eighty-Fifth Amendment) Bill,1999",Government,,23-12-1999,Lok Sabha,,,,Lapsed,Atal Bihari Vajpayee,13,1999- 04
1999,89,"The Constitution (Scheduled Tribes) Order (Amendment) Bill, 1999",Private Member,Bir Sing Mahato Shri,25-02-2000,Lok Sabha,,,,Pending,Atal Bihari Vajpayee,13,1999- 04
1999,81,"The Constitution (Amendment) Bill, 1999 (Insertion of new article 75A, etc.)",Private Member,Kirit Somaiya Shri,12-03-1999,Lok Sabha,,,,Pending,Atal Bihari Vajpayee,12,1998-99
1998,78,"The Constitution (Eighty-Fifth Amendment) Bill, 1998",Government,,14-07-1998,Lok Sabha,,,,Lapsed,Atal Bihari Vajpayee,12,1998-99
1998,77,"The Constitution (Amendment) Bill, 1998 (Insertion of new article 75A, etc.)",Private Member,Sirpotdar Shri Madhukar,24-07-1998,Lok Sabha,,,,Pending,Atal Bihari Vajpayee,12,1998-99
1998,80,"The Constitution (Amendment) Bill, 1998 (Insertion of new article 16A)",Private Member,V. Saroja Dr.(Smt.),24-07-1998,Lok Sabha,,,,Pending,Atal Bihari Vajpayee,12,1998-99
1998,49,"The Constitution (Amendment) Bill, 1998 (Amendment of article 327)",Private Member,Sushil Kumar Shinde,07-10-1998,Lok Sabha,,,,Pending,Atal Bihari Vajpayee,12,1998-99
1998,57,"The Constitution (Amendment) Bill, 1998 (Amendment of article 171)",Private Member,Kondaiah Shri K.C,07-10-1998,Lok Sabha,,,,Pending,Atal Bihari Vajpayee,12,1998-99
1998,62,"The Constituiton (Amendment) Bill, 1998 (Insertion of new article 150A)",Private Member,Kondaiah Shri K.C,07-10-1998,Lok Sabha,,,,Pending,Atal Bihari Vajpayee,12,1998-99
1998,63,"The Constituiton (Amendment) Bill, 1998 (Amendment of article 51A)",Private Member,Sharma Shri Krishan Lal,07-10-1998,Lok Sabha,,,,Pending,Atal Bihari Vajpayee,12,1998-99
1998,64,"The Constitution (Amendment) Bill, 1998 (Amendment of article 239AA)",Private Member,Sharma Shri Krishan Lal,07-10-1998,Lok Sabha,,,,Pending,Atal Bihari Vajpayee,12,1998-99
1998,67,"The Constitution (Amendment) Bill, 1998 (Amendment of article 80)",Private Member,Kondaiah Shri K.C,07-10-1998,Lok Sabha,,,,Pending,Atal Bihari Vajpayee,12,1998-99
1998,68,"The Constitution (Amendment) Bill, 1998 (Amendment of article 51A)",Private Member,Kondaiah Shri K.C,07-10-1998,Lok Sabha,,,,Pending,Atal Bihari Vajpayee,12,1998-99
1998,69,"The Constitution (Amendment) Bill, 1998 (Insertion of new Chapter V-A)",Private Member,Patnaik Smt. Jayanti,07-10-1998,Lok Sabha,,,,Pending,Atal Bihari Vajpayee,12,1998-99
1998,35,"The Constitution (Amendment) Bill, 1998 (Amendment of article 311)",Private Member,Basudev Acharia Shri,06-12-1998,Lok Sabha,,,,Pending,Atal Bihari Vajpayee,12,1998-99
1998,15,"The Constitution (Amendment) Bill, 1998 (Amendment of articles 302 and 304)",Private Member,Singh Shri Amar Pal,06-02-1998,Lok Sabha,,,,Pending,Inder Kumar Gujral,11,1996-98
1998,16,"The Constitution (Amendment) Bill, 1998 (Amendment of article 174)",Private Member,Mohan Singh Shri,06-02-1998,Lok Sabha,,,,Pending,Inder Kumar Gujral,11,1996-98
1998,23,"The Constitution (Amendment) Bill, 1998 (Insertion of article 29A, etc.)",Private Member,Mohan Singh Shri,06-02-1998,Lok Sabha,,,,Pending,Inder Kumar Gujral,11,1996-98
1998,32,"The Constitution (Amendment) Bill, 1998 (Insertion of new article 51B)",Private Member,Mohan Singh Shri,06-02-1998,Lok Sabha,,,,Pending,Inder Kumar Gujral,11,1996-98
1998,33,"The Constitution (Amendment) Bill, 1998 (Amendment of article 15, etc.)",Private Member,Gulam Mehmood Banatwalla Shri,06-02-1998,Lok Sabha,,,,Pending,Inder Kumar Gujral,11,1996-98
1997,39,"The Constitution (Eighty-third Amendment) Bill, 1997",Government,,28-07-1997,Rajya Sabha,,,,Withdrawn,Inder Kumar Gujral,11,1996-98
1996,48,"The Constitution (Eightieth Amendment) Bill, 1996",Government,,25-07-1996,Lok Sabha,,,,Lapsed,H. D. Deve Gowda,11,1996-98
1995,60,"The Constitution( amendment) Bill,1995( to amend article 239AA)",Private Member,Tribhuvan Narayan Singh Shri,31-03-1995,Rajya Sabha,,,,Lapsed,P. V. Narasimha Rao,10,1991-96
1994,66,"The Constitution (Seventy-sixth Amendment) Bill, 1994",Government,,24-08-1994,Rajya Sabha,25-08-1994,24-08-1994,31-08-1994,Passed,P. V. Narasimha Rao,10,1991-96
1994,88,"The Constitution (Eighty-Fourth Amendment) Bill, 1994 (Amendment of articles 81,82 and 170)",Government,,25-08-1994,Lok Sabha,,,,Lapsed,P. V. Narasimha Rao,10,1991-96
1992,142,"The Constitution (Seventy-eight Amendment) Bill, 1992 (Amendment of article)",Government,,20-08-1992,Lok Sabha,20-08-1992,20-08-1992,31-08-1992,Passed,P. V. Narasimha Rao,10,1991-96
1992,174,"The Constitution (Amendment) Bill, 1992 (Amdt. of article 174)",Private Member,Mohan Singh Shri,06-02-1993,Lok Sabha,,,,Lapsed,P. V. Narasimha Rao,10,1991-96
1992,175,"The Constitution (Amendment) Bill, 1992 (Amdt. of Eighth Schedule)",Private Member,Rasa Singh Rawat Prof.,26-02-1993,Lok Sabha,,,,Lapsed,P. V. Narasimha Rao,10,1991-96
1992,162,"The Constitution (Amendment) Bill, 1992 (Insertion of new article 75A and 164A)",Private Member,Chitta Basu Shri,12-03-1993,Lok Sabha,,,,Lapsed,P. V. Narasimha Rao,10,1991-96
1992,114,"The Constitution (Amendment) Bill, 1992 (Amdt. of article 371)",Private Member,Yashwantrao Gadakh Patil Shri,26-03-1993,Lok Sabha,,,,Lapsed,P. V. Narasimha Rao,10,1991-96
1991,31,"The Constitution (Scheduled Tribes) Order (Amendment) Bill, 1991",Government,,29-07-1991,Rajya Sabha,14-08-1991,08-05-1991,20-08-1991,Assented,P. V. Narasimha Rao,10,1991-96
1991,203,"The Constitution (Seventy-fourth Amendment) Bill, 1991, insertion of new articles 239AA and 239AB",Government,,16-12-1991,Lok Sabha,20-12-1991,20-12-1991,21-12-1991,Passed,P. V. Narasimha Rao,10,1991-96
1991,159,"The Constitution (Seventy-third Amendment) Bill, 1991 (Insertion of New Part IXA)",Government,,16-09-1991,Lok Sabha,22-12-1992,23-12-1992,20-04-1993,Passed,P. V. Narasimha Rao,10,1991-96
1990,5,"The Constitution (Scheduled Castes) Orders (Amendment) Bill, 1990",Government,,12-03-1990,Rajya Sabha,29-05-1990,08-05-1990,03-06-1990,Assented,VP Singh,9,1989-91
1990,157,"The Constitution (Seventy-fifth Amendment) Bill, 1990",Government,,10-01-1990,Lok Sabha,04-10-1990,04-10-1990,04-10-1990,Assented,VP Singh,9,1989-91
1990,6,"The Constitution (Sixty-Fourth Amendment) Bill, 1990",Government,,27-03-1990,Rajya Sabha,,28-03-1990,,Lapsed,VP Singh,9,1989-91
1990,93,"The Constitution (Sixty-seventh Amendment) Bill, 1990",Government,,18-05-1990,Lok Sabha,,,,Lapsed,VP Singh,9,1989-91
1990,156,"The Constitution (Seventy-fourth Amendment) Bill, 1990",Government,,09-07-1990,Lok Sabha,,,,Lapsed,VP Singh,9,1989-91
1989,26,"The Constitution (Sixty-Second Amendment) Bill, 1989",Government,,20-12-1989,Rajya Sabha,26-12-1989,21-12-1989,25-01-1990,Passed,VP Singh,9,1989-91
1988,14,"The Constitution (Fifty-ninth Amendment) Bill, 1988",Government,,19-03-1988,Rajya Sabha,23-03-1988,15-03-1988,30-03-1988,Passed,Rajiv Gandhi,8,1984-89
1984,77,"The Constitution (Fifteeth Amendment) Bill, 1984",Government,,17-08-1984,Lok Sabha,23-08-1984,25-08-1984,26-08-1984,Passed,Indira Gandhi,7,1980-84
1984,79,"The Constitution (Fifty-First Amendment) Bill, 1984",Government,,17-08-1984,Lok Sabha,23-08-1984,25-08-1984,11-09-1984,Passed,Indira Gandhi,7,1980-84
1978,124,"The Constitution (Forty Seventh Amendment) Bill, 1978.",Government,,11-08-1978,Lok Sabha,,,,Lapsed,Morarji Desai,6,1977-79
1978,135,"The Constitution (Forty Eighth Amendment) Bill, 1978.",Government,,28-08-1978,Lok Sabha,,,,Withdrawn,Morarji Desai,6,1977-79
1970,53,"The Constitution (Twenty-Fourth Amendment) Bill, 1970",Government,,18-05-1970,Lok Sabha,02-09-1970,05-09-1970,,Negatived,Indira Gandhi,4,1967-70
1969,34,"The Constitution (Twenty-Second) Amendment Bill, 1969",Government,,10-04-1969,Lok Sabha,15-04-1969,30-04-1969,25-09-1969,Passed,Indira Gandhi,4,1967-70
1963,26,"The Constitution (Seventeenth Amendment) Bill, 1963",Government,,06-05-1963,Lok Sabha,,,,Negatived,Jawaharlal Nehru,3,1962-67
1963,24,"The Constitution (Amendment) Bill, 1963 (to amend article 143)",Private Member,Bhupesh Gupta Shri,13-12-1963,Rajya Sabha,,,,Lapsed,Jawaharlal Nehru,3,1962-67
1962,8,"The Constitution (Amendment) Bill, 1962( to amend article 291)",Private Member,Bhupesh Gupta Shri,16-11-1962,Rajya Sabha,,,,Lapsed,Jawaharlal Nehru,2,1957-62
1955,61,"The Constitution (Sixth-Amendment) Bill, 1955",Government,,21-11-1955,Lok Sabha,,,,Withdrawn,Jawaharlal Nehru,1,1952-57
1954,64,"The Constitution (Fourth Amendment) Bill, 1954",Government,,20-12-1954,Lok Sabha,12-04-1955,20-04-1955,27-04-1955,NA,Jawaharlal Nehru,1,1952-57